"event_message","id","timestamp"
"Schema cache loaded 21 Relations, 11 Relationships, 33 Functions, 0 Domain Representations, 4 Media Type Handlers, 1194 Timezones","c91d2137-57cc-4d9c-9733-e5be0a8ff0bd","1743293108365939"
"Schema cache queried in 4.7 milliseconds","fc60d04b-2acb-4e36-8c66-e3848dd2ccde","1743293108363970"
"Config reloaded","5c43ca26-e0f1-4927-b730-3d4b81d0fbf2","1743293107995292"
"Successfully connected to PostgreSQL 15.6 on aarch64-unknown-linux-gnu, compiled by gcc (GCC) 13.2.0, 64-bit","1c4345e1-6794-410b-946a-c8f40b563c96","1743293107980909"
"Received a schema cache reload message on the "pgrst" channel","abb10fcc-6b4b-42dd-bffd-1d3c7df116d1","1743293107969204"
"Schema cache loaded 21 Relations, 11 Relationships, 32 Functions, 0 Domain Representations, 4 Media Type Handlers, 1194 Timezones","0f56b009-b18f-4cc4-9364-765a9c3008d8","1743292968983149"
"Schema cache queried in 6.1 milliseconds","bb43c85f-22bc-4340-84dd-60ca787a9f1b","1743292968978870"
"Config reloaded","d22f3177-05f9-48a5-8c1d-accae3132a7f","1743292968638572"
"Listening for notifications on the "pgrst" channel","72b35bc7-a485-4dd7-b640-892842c6d000","1743292968622317"
"Successfully connected to PostgreSQL 15.6 on aarch64-unknown-linux-gnu, compiled by gcc (GCC) 13.2.0, 64-bit","dfea383e-2e0b-4723-8df4-2c28dad7d3bc","1743292968622153"
"Listening on port 3000","a16a4ccb-3928-4f13-981f-36ea55e1729a","1743292968591423"
"Starting PostgREST 12.2.3 (519615d)...","add3845c-47ae-42bc-b77c-fb30b43985a2","1743292968588654"
"Schema cache loaded 11 Relations, 7 Relationships, 6 Functions, 0 Domain Representations, 4 Media Type Handlers, 1194 Timezones","72947c96-5c0e-4cd7-801e-4c527dab52f4","1743292623254466"
"Schema cache queried in 3.7 milliseconds","bb3d8241-89a1-4c1b-a204-749c2979f8b5","1743292623253762"
"Config reloaded","fc8f7dc1-507b-45e3-84ce-4e1c1136825f","1743292623123951"
"Successfully connected to PostgreSQL 15.6 on aarch64-unknown-linux-gnu, compiled by gcc (GCC) 13.2.0, 64-bit","830be831-04e7-4421-8d6e-f26cd910246a","1743292623114984"
"Received a schema cache reload message on the "pgrst" channel","b994a5ce-572a-4d05-8bc8-f39993413f0f","1743292623029048"
"Schema cache loaded 9 Relations, 7 Relationships, 5 Functions, 0 Domain Representations, 4 Media Type Handlers, 1194 Timezones","377de75e-a00f-4030-acf3-82d5144daa58","1743292623003290"
"Schema cache queried in 4.6 milliseconds","4be856fd-28ef-4e32-b6b5-35aa0ba93633","1743292623002510"
"Received a schema cache reload message on the "pgrst" channel","623de214-c14a-4ca0-9bc4-0a9f978f2d0d","1743292622945364"
"Received a schema cache reload message on the "pgrst" channel","f6b8ea51-dbc6-4c88-8b9e-ba523d46ba97","1743292622892956"
"Config reloaded","b2d7d474-6ce3-4bc9-81f0-e530acf28ca6","1743292622864722"
"Successfully connected to PostgreSQL 15.6 on aarch64-unknown-linux-gnu, compiled by gcc (GCC) 13.2.0, 64-bit","c5208a82-d856-4ca8-ae88-4a3098202e21","1743292622856463"
"Received a schema cache reload message on the "pgrst" channel","7e909717-ca11-4184-a280-936f5167d399","1743292622781344"
"Schema cache loaded 5 Relations, 3 Relationships, 5 Functions, 0 Domain Representations, 4 Media Type Handlers, 1194 Timezones","d6f2a5d9-65fb-4884-898c-0e766b31838b","1743292622744839"
"Schema cache queried in 4.9 milliseconds","013a66a8-e3a9-4e90-8096-13cce0637883","1743292622744036"
"Config reloaded","aa9f4cfb-72b5-4885-84be-44af3f519d4a","1743292622610034"
"Successfully connected to PostgreSQL 15.6 on aarch64-unknown-linux-gnu, compiled by gcc (GCC) 13.2.0, 64-bit","9881888b-cce3-4148-8440-171929115f2d","1743292622603461"
"Received a schema cache reload message on the "pgrst" channel","cb72db68-7cb5-4cf2-95bf-4d66e432837f","1743292622592263"
"Schema cache loaded 5 Relations, 3 Relationships, 5 Functions, 0 Domain Representations, 4 Media Type Handlers, 1194 Timezones","aafaaa60-2567-4324-992a-59d64b289b2a","1743292450742370"
"Schema cache queried in 3.8 milliseconds","491b9111-e065-4383-85be-c6695b9ec9ed","1743292450741591"
"Config reloaded","5bcbe875-53b8-4994-8a42-259eea87e7d8","1743292450607264"
"Successfully connected to PostgreSQL 15.6 on aarch64-unknown-linux-gnu, compiled by gcc (GCC) 13.2.0, 64-bit","70e741a8-c6a1-488e-84ff-23b33563f216","1743292450598427"
"Received a schema cache reload message on the "pgrst" channel","7a7dcdce-3132-4df5-8a25-305deb9f322c","1743292450585450"
"Schema cache loaded 5 Relations, 3 Relationships, 5 Functions, 0 Domain Representations, 4 Media Type Handlers, 1194 Timezones","745cdfa4-5e72-434b-aabb-340486b99ca4","1743292388288530"
"Schema cache queried in 4.3 milliseconds","f98ba485-5748-4b44-9603-3f11ee16e81e","1743292388287595"
"Config reloaded","24eeca19-3ba4-4e42-a5ba-54ed4b84e970","1743292388143593"
"Successfully connected to PostgreSQL 15.6 on aarch64-unknown-linux-gnu, compiled by gcc (GCC) 13.2.0, 64-bit","187d0e66-fe97-4a80-93e4-20d3e756fa77","1743292388136409"
"Received a schema cache reload message on the "pgrst" channel","a880ada2-83dc-495b-9420-a42617a6609a","1743292388124601"
"Schema cache loaded 5 Relations, 3 Relationships, 5 Functions, 0 Domain Representations, 4 Media Type Handlers, 1194 Timezones","14d7aeab-bbae-4a0e-833a-5c7cc87a3014","1743291742058721"
"Schema cache queried in 4.8 milliseconds","e3e3f7a5-e28f-4b84-b773-9c8c0421135b","1743291742044639"
"Config reloaded","b4fc2161-d83b-4616-917c-619814a8c3fe","1743291741883645"
"Successfully connected to PostgreSQL 15.6 on aarch64-unknown-linux-gnu, compiled by gcc (GCC) 13.2.0, 64-bit","5d0fcd60-c37e-4374-8b2f-b380a3d45186","1743291741874683"
"Received a schema cache reload message on the "pgrst" channel","bcf9fd89-bc4d-4e3b-bf4b-2ae7f8549c5d","1743291741857919"
"Schema cache queried in 6.1 milliseconds","7f74ff25-3899-4dfb-8365-38a5d352283e","1743291691463713"
"Schema cache loaded 5 Relations, 3 Relationships, 5 Functions, 0 Domain Representations, 4 Media Type Handlers, 1194 Timezones","8541f78d-911e-4cdb-836f-5e163d54bc9f","1743291691463713"
"Config reloaded","2a773fb7-f039-4530-8c4c-fa726b126348","1743291691279546"
"Successfully connected to PostgreSQL 15.6 on aarch64-unknown-linux-gnu, compiled by gcc (GCC) 13.2.0, 64-bit","8094bdd3-67ad-4391-a34e-81770bf451f4","1743291691259165"
"Received a schema cache reload message on the "pgrst" channel","3cd73ba0-528c-4876-8240-bfdab7c142b7","1743291691230122"
"Schema cache loaded 4 Relations, 3 Relationships, 5 Functions, 0 Domain Representations, 4 Media Type Handlers, 1194 Timezones","f386fe9b-d6c3-4efd-ada4-f23977587e72","1743291451121468"
"Schema cache queried in 5.5 milliseconds","3d5c340a-cda4-4a90-8421-3beea3da6492","1743291451118872"
"Config reloaded","78278a94-8d3e-47e5-9cec-ecf3f313fb6a","1743291450451715"
"Successfully connected to PostgreSQL 15.6 on aarch64-unknown-linux-gnu, compiled by gcc (GCC) 13.2.0, 64-bit","4afaf7fa-6533-4f39-a03a-1f60da66c2c8","1743291450431750"
"Received a schema cache reload message on the "pgrst" channel","7b93400f-5ac9-44c1-95f7-aee05fb66873","1743291450348396"